{"cameraMode":{"drawMode":0,"name":"Shaded","section":"Shading Mode"},"sceneLighting":true,"audioPlay":false,"sceneViewState":{"showFog":false,"showMaterialUpdate":false,"showSkybox":false,"showFlares":false,"showImageEffects":false,"showParticleSystems":false},"in2DMode":false,"pivot":{"x":100.79999542236328,"y":1.6500000953674317,"z":-57.0},"rotation":{"x":-0.23972086608409882,"y":-0.1707853525876999,"z":0.04288047179579735,"w":-0.9547395706176758},"size":65.47820281982422,"orthographic":true}